Layer,Trajectories,Delay,Accuracy
5,1,1,0.1009
5,1,2,0.1009
5,1,3,0.1009
5,1,4,0.1009
5,1,5,0.1009
5,1,6,0.0633
5,1,7,0.1009
5,1,8,0.1009
5,1,9,0.1009
5,1,10,0.1028
5,10,1,0.182
5,10,2,0.2955
5,10,3,0.3777
5,10,4,0.3691
5,10,5,0.4319
5,10,6,0.4814
5,10,7,0.5143
5,10,8,0.5177
5,10,9,0.5811
5,10,10,0.5962
5,50,1,0.2697
5,50,2,0.6143
5,50,3,0.787
5,50,4,0.7362
5,50,5,0.7914
5,50,6,0.8863
5,50,7,0.9113
5,50,8,0.9254
5,50,9,0.949
5,50,10,0.9486
5,500,1,0.2822
5,500,2,0.666
5,500,3,0.842
5,500,4,0.9038
5,500,5,0.9457
5,500,6,0.9552
5,500,7,0.9591
5,500,8,0.9536
5,500,9,0.9579
5,500,10,0.958
3,1,1,0.1135
3,1,2,0.1135
3,1,3,0.1135
3,1,4,0.1135
3,1,5,0.1701
3,1,6,0.1135
3,1,7,0.1135
3,1,8,0.1135
3,1,9,0.1135
3,1,10,0.0974
3,10,1,0.2656
3,10,2,0.2889
3,10,3,0.4002
3,10,4,0.4639
3,10,5,0.48
3,10,6,0.4823
3,10,7,0.5088
3,10,8,0.4991
3,10,9,0.4975
3,10,10,0.5284
3,50,1,0.6717
3,50,2,0.7408
3,50,3,0.8065
3,50,4,0.8532
3,50,5,0.8813
3,50,6,0.8934
3,50,7,0.8909
3,50,8,0.8969
3,50,9,0.9213
3,50,10,0.9247
3,500,1,0.4522
3,500,2,0.8457
3,500,3,0.8899
3,500,4,0.9169
3,500,5,0.9195
3,500,6,0.9334
3,500,7,0.9378
3,500,8,0.9429
3,500,9,0.9483
3,500,10,0.9481
1,1,1,0.1028
1,1,2,0.1028
1,1,3,0.1028
1,1,4,0.1028
1,1,5,0.1028
1,1,6,0.1028
1,1,7,0.1028
1,1,8,0.1028
1,1,9,0.1028
1,1,10,0.1028
1,10,1,0.4312
1,10,2,0.5377
1,10,3,0.5373
1,10,4,0.5337
1,10,5,0.5347
1,10,6,0.5187
1,10,7,0.5227
1,10,8,0.5187
1,10,9,0.5011
1,10,10,0.5254
1,50,1,0.3714
1,50,2,0.6598
1,50,3,0.7151
1,50,4,0.7383
1,50,5,0.7241
1,50,6,0.7631
1,50,7,0.8138
1,50,8,0.8265
1,50,9,0.8212
1,50,10,0.8376
1,500,1,0.6666
1,500,2,0.811
1,500,3,0.8584
1,500,4,0.8642
1,500,5,0.8829
1,500,6,0.8894
1,500,7,0.8986
1,500,8,0.9069
1,500,9,0.9075
1,500,10,0.9204
